<?xml version="2.0" encoding="UTF-8" standalone="yes"?>
<addon id="plugin.video.fod" name="[COLOR red]FEAR[/COLOR][COLOR white]OF[/COLOR][COLOR red]THE[/COLOR][COLOR white]DARK[/COLOR]" version="0.0.2" provider-name="Taurus">
  <requires>
    <import addon="xbmc.python" version="2.1.0"/>
	<import addon="script.module.t0mm0.common" version="2.0.0"/>
    <import addon="script.module.beautifulsoup" version="3.2.1"/>
    <import addon="script.module.simple.downloader" version="0.9.4"/>
    <import addon="script.module.beautifulsoup4" />
    <import addon="script.module.simple.downloader" version="0.9.4"/>
    <import addon="script.module.requests" />
    <import addon="script.module.httplib2" />
    <import addon="script.module.youtube.dl" optional="true"/>
    <import addon="plugin.video.youtube" version="3.0.0"/>
	<import addon="script.module.urlresolver" />
	<import addon="script.module.liveresolver" />
    <import addon="script.module.simplejson" /> 
    <import addon="script.common.plugin.cache" version="2.5.2"/>
    <import addon="script.module.metahandler" version="2.5.1"/>
  </requires>
  <extension point="xbmc.python.pluginsource" library="default.py">
    <provides>video</provides>
  </extension>
  <extension point="xbmc.addon.metadata">
    <summary lang="en">Movies</summary>
    <description lang="en">Brought To You By Taurus Find all your favourite Horror Movies in one place Releases from each year, classic collections and extreme films. Are you afraid of the Dark?</description>
    <platform>all</platform>
  </extension>
</addon>
